[
  {
    "state_id": 1,
    "district id": 3,
    "district name": "Nicobar",
    "state_name": "Andaman and Nicobar Islands"
  },
  {
    "state_id": 1,
    "district id": 1,
    "district name": "North and Middle Andaman",
    "state_name": "Andaman and Nicobar Islands"
  },
  {
    "state_id": 1,
    "district id": 2,
    "district name": "South Andaman",
    "state_name": "Andaman and Nicobar Islands"
  },
  {
    "state_id": 2,
    "district id": 9,
    "district name": "Anantapur",
    "state_name": "Andhra Pradesh"
  },
  {
    "state_id": 2,
    "district id": 10,
    "district name": "Chittoor",
    "state_name": "Andhra Pradesh"
  },
  {
    "state_id": 2,
    "district id": 11,
    "district name": "East Godavari",
    "state_name": "Andhra Pradesh"
  },
  {
    "state_id": 2,
    "district id": 5,
    "district name": "Guntur",
    "state_name": "Andhra Pradesh"
  },
  {
    "state_id": 2,
    "district id": 4,
    "district name": "Krishna",
    "state_name": "Andhra Pradesh"
  },
  {
    "state_id": 2,
    "district id": 7,
    "district name": "Kurnool",
    "state_name": "Andhra Pradesh"
  },
  {
    "state_id": 2,
    "district id": 12,
    "district name": "Prakasam",
    "state_name": "Andhra Pradesh"
  },
  {
    "state_id": 2,
    "district id": 13,
    "district name": "Sri Potti Sriramulu Nellore",
    "state_name": "Andhra Pradesh"
  },
  {
    "state_id": 2,
    "district id": 14,
    "district name": "Srikakulam",
    "state_name": "Andhra Pradesh"
  },
  {
    "state_id": 2,
    "district id": 8,
    "district name": "Visakhapatnam",
    "state_name": "Andhra Pradesh"
  },
  {
    "state_id": 2,
    "district id": 15,
    "district name": "Vizianagaram",
    "state_name": "Andhra Pradesh"
  },
  {
    "state_id": 2,
    "district id": 16,
    "district name": "West Godavari",
    "state_name": "Andhra Pradesh"
  },
  {
    "state_id": 2,
    "district id": 6,
    "district name": "YSR District, Kadapa (Cuddapah)",
    "state_name": "Andhra Pradesh"
  },
  {
    "state_id": 3,
    "district id": 22,
    "district name": "Anjaw",
    "state_name": "Arunachal Pradesh"
  },
  {
    "state_id": 3,
    "district id": 20,
    "district name": "Changlang",
    "state_name": "Arunachal Pradesh"
  },
  {
    "state_id": 3,
    "district id": 25,
    "district name": "Dibang Valley",
    "state_name": "Arunachal Pradesh"
  },
  {
    "state_id": 3,
    "district id": 23,
    "district name": "East Kameng",
    "state_name": "Arunachal Pradesh"
  },
  {
    "state_id": 3,
    "district id": 42,
    "district name": "East Siang",
    "state_name": "Arunachal Pradesh"
  },
  {
    "state_id": 3,
    "district id": 17,
    "district name": "Itanagar Capital Complex",
    "state_name": "Arunachal Pradesh"
  },
  {
    "state_id": 3,
    "district id": 24,
    "district name": "Kamle",
    "state_name": "Arunachal Pradesh"
  },
  {
    "state_id": 3,
    "district id": 27,
    "district name": "Kra Daadi",
    "state_name": "Arunachal Pradesh"
  },
  {
    "state_id": 3,
    "district id": 21,
    "district name": "Kurung Kumey",
    "state_name": "Arunachal Pradesh"
  },
  {
    "state_id": 3,
    "district id": 33,
    "district name": "Lepa Rada",
    "state_name": "Arunachal Pradesh"
  },
  {
    "state_id": 3,
    "district id": 29,
    "district name": "Lohit",
    "state_name": "Arunachal Pradesh"
  },
  {
    "state_id": 3,
    "district id": 40,
    "district name": "Longding",
    "state_name": "Arunachal Pradesh"
  },
  {
    "state_id": 3,
    "district id": 31,
    "district name": "Lower Dibang Valley",
    "state_name": "Arunachal Pradesh"
  },
  {
    "state_id": 3,
    "district id": 18,
    "district name": "Lower Siang",
    "state_name": "Arunachal Pradesh"
  },
  {
    "state_id": 3,
    "district id": 32,
    "district name": "Lower Subansiri",
    "state_name": "Arunachal Pradesh"
  },
  {
    "state_id": 3,
    "district id": 36,
    "district name": "Namsai",
    "state_name": "Arunachal Pradesh"
  },
  {
    "state_id": 3,
    "district id": 19,
    "district name": "Pakke Kessang",
    "state_name": "Arunachal Pradesh"
  },
  {
    "state_id": 3,
    "district id": 39,
    "district name": "Papum Pare",
    "state_name": "Arunachal Pradesh"
  },
  {
    "state_id": 3,
    "district id": 35,
    "district name": "Shi Yomi",
    "state_name": "Arunachal Pradesh"
  },
  {
    "state_id": 3,
    "district id": 37,
    "district name": "Siang",
    "state_name": "Arunachal Pradesh"
  },
  {
    "state_id": 3,
    "district id": 30,
    "district name": "Tawang",
    "state_name": "Arunachal Pradesh"
  },
  {
    "state_id": 3,
    "district id": 26,
    "district name": "Tirap",
    "state_name": "Arunachal Pradesh"
  },
  {
    "state_id": 3,
    "district id": 34,
    "district name": "Upper Siang",
    "state_name": "Arunachal Pradesh"
  },
  {
    "state_id": 3,
    "district id": 41,
    "district name": "Upper Subansiri",
    "state_name": "Arunachal Pradesh"
  },
  {
    "state_id": 3,
    "district id": 28,
    "district name": "West Kameng",
    "state_name": "Arunachal Pradesh"
  },
  {
    "state_id": 3,
    "district id": 38,
    "district name": "West Siang",
    "state_name": "Arunachal Pradesh"
  },
  {
    "state_id": 4,
    "district id": 46,
    "district name": "Baksa",
    "state_name": "Assam"
  },
  {
    "state_id": 4,
    "district id": 47,
    "district name": "Barpeta",
    "state_name": "Assam"
  },
  {
    "state_id": 4,
    "district id": 765,
    "district name": "Biswanath",
    "state_name": "Assam"
  },
  {
    "state_id": 4,
    "district id": 57,
    "district name": "Bongaigaon",
    "state_name": "Assam"
  },
  {
    "state_id": 4,
    "district id": 66,
    "district name": "Cachar",
    "state_name": "Assam"
  },
  {
    "state_id": 4,
    "district id": 766,
    "district name": "Charaideo",
    "state_name": "Assam"
  },
  {
    "state_id": 4,
    "district id": 58,
    "district name": "Chirang",
    "state_name": "Assam"
  },
  {
    "state_id": 4,
    "district id": 48,
    "district name": "Darrang",
    "state_name": "Assam"
  },
  {
    "state_id": 4,
    "district id": 62,
    "district name": "Dhemaji",
    "state_name": "Assam"
  },
  {
    "state_id": 4,
    "district id": 59,
    "district name": "Dhubri",
    "state_name": "Assam"
  },
  {
    "state_id": 4,
    "district id": 43,
    "district name": "Dibrugarh",
    "state_name": "Assam"
  },
  {
    "state_id": 4,
    "district id": 67,
    "district name": "Dima Hasao",
    "state_name": "Assam"
  },
  {
    "state_id": 4,
    "district id": 60,
    "district name": "Goalpara",
    "state_name": "Assam"
  },
  {
    "state_id": 4,
    "district id": 53,
    "district name": "Golaghat",
    "state_name": "Assam"
  },
  {
    "state_id": 4,
    "district id": 68,
    "district name": "Hailakandi",
    "state_name": "Assam"
  },
  {
    "state_id": 4,
    "district id": 764,
    "district name": "Hojai",
    "state_name": "Assam"
  },
  {
    "state_id": 4,
    "district id": 54,
    "district name": "Jorhat",
    "state_name": "Assam"
  },
  {
    "state_id": 4,
    "district id": 49,
    "district name": "Kamrup Metropolitan",
    "state_name": "Assam"
  },
  {
    "state_id": 4,
    "district id": 50,
    "district name": "Kamrup Rural",
    "state_name": "Assam"
  },
  {
    "state_id": 4,
    "district id": 51,
    "district name": "Karbi-Anglong",
    "state_name": "Assam"
  },
  {
    "state_id": 4,
    "district id": 69,
    "district name": "Karimganj",
    "state_name": "Assam"
  },
  {
    "state_id": 4,
    "district id": 61,
    "district name": "Kokrajhar",
    "state_name": "Assam"
  },
  {
    "state_id": 4,
    "district id": 63,
    "district name": "Lakhimpur",
    "state_name": "Assam"
  },
  {
    "state_id": 4,
    "district id": 767,
    "district name": "Majuli",
    "state_name": "Assam"
  },
  {
    "state_id": 4,
    "district id": 55,
    "district name": "Morigaon",
    "state_name": "Assam"
  },
  {
    "state_id": 4,
    "district id": 56,
    "district name": "Nagaon",
    "state_name": "Assam"
  },
  {
    "state_id": 4,
    "district id": 52,
    "district name": "Nalbari",
    "state_name": "Assam"
  },
  {
    "state_id": 4,
    "district id": 44,
    "district name": "Sivasagar",
    "state_name": "Assam"
  },
  {
    "state_id": 4,
    "district id": 64,
    "district name": "Sonitpur",
    "state_name": "Assam"
  },
  {
    "state_id": 4,
    "district id": 768,
    "district name": "South Salmara Mankachar",
    "state_name": "Assam"
  },
  {
    "state_id": 4,
    "district id": 45,
    "district name": "Tinsukia",
    "state_name": "Assam"
  },
  {
    "state_id": 4,
    "district id": 65,
    "district name": "Udalguri",
    "state_name": "Assam"
  },
  {
    "state_id": 4,
    "district id": 769,
    "district name": "West Karbi Anglong",
    "state_name": "Assam"
  },
  {
    "state_id": 5,
    "district id": 74,
    "district name": "Araria",
    "state_name": "Bihar"
  },
  {
    "state_id": 5,
    "district id": 78,
    "district name": "Arwal",
    "state_name": "Bihar"
  },
  {
    "state_id": 5,
    "district id": 77,
    "district name": "Aurangabad",
    "state_name": "Bihar"
  },
  {
    "state_id": 5,
    "district id": 83,
    "district name": "Banka",
    "state_name": "Bihar"
  },
  {
    "state_id": 5,
    "district id": 98,
    "district name": "Begusarai",
    "state_name": "Bihar"
  },
  {
    "state_id": 5,
    "district id": 82,
    "district name": "Bhagalpur",
    "state_name": "Bihar"
  },
  {
    "state_id": 5,
    "district id": 99,
    "district name": "Bhojpur",
    "state_name": "Bihar"
  },
  {
    "state_id": 5,
    "district id": 100,
    "district name": "Buxar",
    "state_name": "Bihar"
  },
  {
    "state_id": 5,
    "district id": 94,
    "district name": "Darbhanga",
    "state_name": "Bihar"
  },
  {
    "state_id": 5,
    "district id": 105,
    "district name": "East Champaran",
    "state_name": "Bihar"
  },
  {
    "state_id": 5,
    "district id": 79,
    "district name": "Gaya",
    "state_name": "Bihar"
  },
  {
    "state_id": 5,
    "district id": 104,
    "district name": "Gopalganj",
    "state_name": "Bihar"
  },
  {
    "state_id": 5,
    "district id": 107,
    "district name": "Jamui",
    "state_name": "Bihar"
  },
  {
    "state_id": 5,
    "district id": 91,
    "district name": "Jehanabad",
    "state_name": "Bihar"
  },
  {
    "state_id": 5,
    "district id": 80,
    "district name": "Kaimur",
    "state_name": "Bihar"
  },
  {
    "state_id": 5,
    "district id": 75,
    "district name": "Katihar",
    "state_name": "Bihar"
  },
  {
    "state_id": 5,
    "district id": 101,
    "district name": "Khagaria",
    "state_name": "Bihar"
  },
  {
    "state_id": 5,
    "district id": 76,
    "district name": "Kishanganj",
    "state_name": "Bihar"
  },
  {
    "state_id": 5,
    "district id": 84,
    "district name": "Lakhisarai",
    "state_name": "Bihar"
  },
  {
    "state_id": 5,
    "district id": 70,
    "district name": "Madhepura",
    "state_name": "Bihar"
  },
  {
    "state_id": 5,
    "district id": 95,
    "district name": "Madhubani",
    "state_name": "Bihar"
  },
  {
    "state_id": 5,
    "district id": 85,
    "district name": "Munger",
    "state_name": "Bihar"
  },
  {
    "state_id": 5,
    "district id": 86,
    "district name": "Muzaffarpur",
    "state_name": "Bihar"
  },
  {
    "state_id": 5,
    "district id": 90,
    "district name": "Nalanda",
    "state_name": "Bihar"
  },
  {
    "state_id": 5,
    "district id": 92,
    "district name": "Nawada",
    "state_name": "Bihar"
  },
  {
    "state_id": 5,
    "district id": 97,
    "district name": "Patna",
    "state_name": "Bihar"
  },
  {
    "state_id": 5,
    "district id": 73,
    "district name": "Purnia",
    "state_name": "Bihar"
  },
  {
    "state_id": 5,
    "district id": 81,
    "district name": "Rohtas",
    "state_name": "Bihar"
  },
  {
    "state_id": 5,
    "district id": 71,
    "district name": "Saharsa",
    "state_name": "Bihar"
  },
  {
    "state_id": 5,
    "district id": 96,
    "district name": "Samastipur",
    "state_name": "Bihar"
  },
  {
    "state_id": 5,
    "district id": 102,
    "district name": "Saran",
    "state_name": "Bihar"
  },
  {
    "state_id": 5,
    "district id": 93,
    "district name": "Sheikhpura",
    "state_name": "Bihar"
  },
  {
    "state_id": 5,
    "district id": 87,
    "district name": "Sheohar",
    "state_name": "Bihar"
  },
  {
    "state_id": 5,
    "district id": 88,
    "district name": "Sitamarhi",
    "state_name": "Bihar"
  },
  {
    "state_id": 5,
    "district id": 103,
    "district name": "Siwan",
    "state_name": "Bihar"
  },
  {
    "state_id": 5,
    "district id": 72,
    "district name": "Supaul",
    "state_name": "Bihar"
  },
  {
    "state_id": 5,
    "district id": 89,
    "district name": "Vaishali",
    "state_name": "Bihar"
  },
  {
    "state_id": 5,
    "district id": 106,
    "district name": "West Champaran",
    "state_name": "Bihar"
  },
  {
    "state_id": 6,
    "district id": 108,
    "district name": "Chandigarh",
    "state_name": "Chandigarh"
  },
  {
    "state_id": 7,
    "district id": 110,
    "district name": "Balod",
    "state_name": "Chhattisgarh"
  },
  {
    "state_id": 7,
    "district id": 111,
    "district name": "Baloda bazar",
    "state_name": "Chhattisgarh"
  },
  {
    "state_id": 7,
    "district id": 112,
    "district name": "Balrampur",
    "state_name": "Chhattisgarh"
  },
  {
    "state_id": 7,
    "district id": 113,
    "district name": "Bastar",
    "state_name": "Chhattisgarh"
  },
  {
    "state_id": 7,
    "district id": 114,
    "district name": "Bemetara",
    "state_name": "Chhattisgarh"
  },
  {
    "state_id": 7,
    "district id": 115,
    "district name": "Bijapur",
    "state_name": "Chhattisgarh"
  },
  {
    "state_id": 7,
    "district id": 116,
    "district name": "Bilaspur",
    "state_name": "Chhattisgarh"
  },
  {
    "state_id": 7,
    "district id": 117,
    "district name": "Dantewada",
    "state_name": "Chhattisgarh"
  },
  {
    "state_id": 7,
    "district id": 118,
    "district name": "Dhamtari",
    "state_name": "Chhattisgarh"
  },
  {
    "state_id": 7,
    "district id": 119,
    "district name": "Durg",
    "state_name": "Chhattisgarh"
  },
  {
    "state_id": 7,
    "district id": 120,
    "district name": "Gariaband",
    "state_name": "Chhattisgarh"
  },
  {
    "state_id": 7,
    "district id": 136,
    "district name": "Gaurela Pendra Marwahi",
    "state_name": "Chhattisgarh"
  },
  {
    "state_id": 7,
    "district id": 121,
    "district name": "Janjgir-Champa",
    "state_name": "Chhattisgarh"
  },
  {
    "state_id": 7,
    "district id": 122,
    "district name": "Jashpur",
    "state_name": "Chhattisgarh"
  },
  {
    "state_id": 7,
    "district id": 123,
    "district name": "Kanker",
    "state_name": "Chhattisgarh"
  },
  {
    "state_id": 7,
    "district id": 135,
    "district name": "Kawardha",
    "state_name": "Chhattisgarh"
  },
  {
    "state_id": 7,
    "district id": 124,
    "district name": "Kondagaon",
    "state_name": "Chhattisgarh"
  },
  {
    "state_id": 7,
    "district id": 125,
    "district name": "Korba",
    "state_name": "Chhattisgarh"
  },
  {
    "state_id": 7,
    "district id": 126,
    "district name": "Koriya",
    "state_name": "Chhattisgarh"
  },
  {
    "state_id": 7,
    "district id": 127,
    "district name": "Mahasamund",
    "state_name": "Chhattisgarh"
  },
  {
    "state_id": 7,
    "district id": 128,
    "district name": "Mungeli",
    "state_name": "Chhattisgarh"
  },
  {
    "state_id": 7,
    "district id": 129,
    "district name": "Narayanpur",
    "state_name": "Chhattisgarh"
  },
  {
    "state_id": 7,
    "district id": 130,
    "district name": "Raigarh",
    "state_name": "Chhattisgarh"
  },
  {
    "state_id": 7,
    "district id": 109,
    "district name": "Raipur",
    "state_name": "Chhattisgarh"
  },
  {
    "state_id": 7,
    "district id": 131,
    "district name": "Rajnandgaon",
    "state_name": "Chhattisgarh"
  },
  {
    "state_id": 7,
    "district id": 132,
    "district name": "Sukma",
    "state_name": "Chhattisgarh"
  },
  {
    "state_id": 7,
    "district id": 133,
    "district name": "Surajpur",
    "state_name": "Chhattisgarh"
  },
  {
    "state_id": 7,
    "district id": 134,
    "district name": "Surguja",
    "state_name": "Chhattisgarh"
  },
  {
    "state_id": 8,
    "district id": 137,
    "district name": "Dadra and Nagar Haveli",
    "state_name": "Dadra and Nagar Haveli"
  },
  {
    "state_id": 9,
    "district id": 141,
    "district name": "Central Delhi",
    "state_name": "Delhi"
  },
  {
    "state_id": 9,
    "district id": 145,
    "district name": "East Delhi",
    "state_name": "Delhi"
  },
  {
    "state_id": 9,
    "district id": 140,
    "district name": "New Delhi",
    "state_name": "Delhi"
  },
  {
    "state_id": 9,
    "district id": 146,
    "district name": "North Delhi",
    "state_name": "Delhi"
  },
  {
    "state_id": 9,
    "district id": 147,
    "district name": "North East Delhi",
    "state_name": "Delhi"
  },
  {
    "state_id": 9,
    "district id": 143,
    "district name": "North West Delhi",
    "state_name": "Delhi"
  },
  {
    "state_id": 9,
    "district id": 148,
    "district name": "Shahdara",
    "state_name": "Delhi"
  },
  {
    "state_id": 9,
    "district id": 149,
    "district name": "South Delhi",
    "state_name": "Delhi"
  },
  {
    "state_id": 9,
    "district id": 144,
    "district name": "South East Delhi",
    "state_name": "Delhi"
  },
  {
    "state_id": 9,
    "district id": 150,
    "district name": "South West Delhi",
    "state_name": "Delhi"
  },
  {
    "state_id": 9,
    "district id": 142,
    "district name": "West Delhi",
    "state_name": "Delhi"
  },
  {
    "state_id": 10,
    "district id": 151,
    "district name": "North Goa",
    "state_name": "Goa"
  },
  {
    "state_id": 10,
    "district id": 152,
    "district name": "South Goa",
    "state_name": "Goa"
  },
  {
    "state_id": 11,
    "district id": 154,
    "district name": "Ahmedabad",
    "state_name": "Gujarat"
  },
  {
    "state_id": 11,
    "district id": 770,
    "district name": "Ahmedabad Corporation",
    "state_name": "Gujarat"
  },
  {
    "state_id": 11,
    "district id": 174,
    "district name": "Amreli",
    "state_name": "Gujarat"
  },
  {
    "state_id": 11,
    "district id": 179,
    "district name": "Anand",
    "state_name": "Gujarat"
  },
  {
    "state_id": 11,
    "district id": 158,
    "district name": "Aravalli",
    "state_name": "Gujarat"
  },
  {
    "state_id": 11,
    "district id": 159,
    "district name": "Banaskantha",
    "state_name": "Gujarat"
  },
  {
    "state_id": 11,
    "district id": 180,
    "district name": "Bharuch",
    "state_name": "Gujarat"
  },
  {
    "state_id": 11,
    "district id": 175,
    "district name": "Bhavnagar",
    "state_name": "Gujarat"
  },
  {
    "state_id": 11,
    "district id": 771,
    "district name": "Bhavnagar Corporation",
    "state_name": "Gujarat"
  },
  {
    "state_id": 11,
    "district id": 176,
    "district name": "Botad",
    "state_name": "Gujarat"
  },
  {
    "state_id": 11,
    "district id": 181,
    "district name": "Chhotaudepur",
    "state_name": "Gujarat"
  },
  {
    "state_id": 11,
    "district id": 182,
    "district name": "Dahod",
    "state_name": "Gujarat"
  },
  {
    "state_id": 11,
    "district id": 163,
    "district name": "Dang",
    "state_name": "Gujarat"
  },
  {
    "state_id": 11,
    "district id": 168,
    "district name": "Devbhumi Dwaraka",
    "state_name": "Gujarat"
  },
  {
    "state_id": 11,
    "district id": 153,
    "district name": "Gandhinagar",
    "state_name": "Gujarat"
  },
  {
    "state_id": 11,
    "district id": 772,
    "district name": "Gandhinagar Corporation",
    "state_name": "Gujarat"
  },
  {
    "state_id": 11,
    "district id": 177,
    "district name": "Gir Somnath",
    "state_name": "Gujarat"
  },
  {
    "state_id": 11,
    "district id": 169,
    "district name": "Jamnagar",
    "state_name": "Gujarat"
  },
  {
    "state_id": 11,
    "district id": 773,
    "district name": "Jamnagar Corporation",
    "state_name": "Gujarat"
  },
  {
    "state_id": 11,
    "district id": 178,
    "district name": "Junagadh",
    "state_name": "Gujarat"
  },
  {
    "state_id": 11,
    "district id": 774,
    "district name": "Junagadh Corporation",
    "state_name": "Gujarat"
  },
  {
    "state_id": 11,
    "district id": 156,
    "district name": "Kheda",
    "state_name": "Gujarat"
  },
  {
    "state_id": 11,
    "district id": 170,
    "district name": "Kutch",
    "state_name": "Gujarat"
  },
  {
    "state_id": 11,
    "district id": 183,
    "district name": "Mahisagar",
    "state_name": "Gujarat"
  },
  {
    "state_id": 11,
    "district id": 160,
    "district name": "Mehsana",
    "state_name": "Gujarat"
  },
  {
    "state_id": 11,
    "district id": 171,
    "district name": "Morbi",
    "state_name": "Gujarat"
  },
  {
    "state_id": 11,
    "district id": 184,
    "district name": "Narmada",
    "state_name": "Gujarat"
  },
  {
    "state_id": 11,
    "district id": 164,
    "district name": "Navsari",
    "state_name": "Gujarat"
  },
  {
    "state_id": 11,
    "district id": 185,
    "district name": "Panchmahal",
    "state_name": "Gujarat"
  },
  {
    "state_id": 11,
    "district id": 161,
    "district name": "Patan",
    "state_name": "Gujarat"
  },
  {
    "state_id": 11,
    "district id": 172,
    "district name": "Porbandar",
    "state_name": "Gujarat"
  },
  {
    "state_id": 11,
    "district id": 173,
    "district name": "Rajkot",
    "state_name": "Gujarat"
  },
  {
    "state_id": 11,
    "district id": 775,
    "district name": "Rajkot Corporation",
    "state_name": "Gujarat"
  },
  {
    "state_id": 11,
    "district id": 162,
    "district name": "Sabarkantha",
    "state_name": "Gujarat"
  },
  {
    "state_id": 11,
    "district id": 165,
    "district name": "Surat",
    "state_name": "Gujarat"
  },
  {
    "state_id": 11,
    "district id": 776,
    "district name": "Surat Corporation",
    "state_name": "Gujarat"
  },
  {
    "state_id": 11,
    "district id": 157,
    "district name": "Surendranagar",
    "state_name": "Gujarat"
  },
  {
    "state_id": 11,
    "district id": 166,
    "district name": "Tapi",
    "state_name": "Gujarat"
  },
  {
    "state_id": 11,
    "district id": 155,
    "district name": "Vadodara",
    "state_name": "Gujarat"
  },
  {
    "state_id": 11,
    "district id": 777,
    "district name": "Vadodara Corporation",
    "state_name": "Gujarat"
  },
  {
    "state_id": 11,
    "district id": 167,
    "district name": "Valsad",
    "state_name": "Gujarat"
  },
  {
    "state_id": 12,
    "district id": 193,
    "district name": "Ambala",
    "state_name": "Haryana"
  },
  {
    "state_id": 12,
    "district id": 200,
    "district name": "Bhiwani",
    "state_name": "Haryana"
  },
  {
    "state_id": 12,
    "district id": 201,
    "district name": "Charkhi Dadri",
    "state_name": "Haryana"
  },
  {
    "state_id": 12,
    "district id": 199,
    "district name": "Faridabad",
    "state_name": "Haryana"
  },
  {
    "state_id": 12,
    "district id": 196,
    "district name": "Fatehabad",
    "state_name": "Haryana"
  },
  {
    "state_id": 12,
    "district id": 188,
    "district name": "Gurgaon",
    "state_name": "Haryana"
  },
  {
    "state_id": 12,
    "district id": 191,
    "district name": "Hisar",
    "state_name": "Haryana"
  },
  {
    "state_id": 12,
    "district id": 189,
    "district name": "Jhajjar",
    "state_name": "Haryana"
  },
  {
    "state_id": 12,
    "district id": 204,
    "district name": "Jind",
    "state_name": "Haryana"
  },
  {
    "state_id": 12,
    "district id": 190,
    "district name": "Kaithal",
    "state_name": "Haryana"
  },
  {
    "state_id": 12,
    "district id": 203,
    "district name": "Karnal",
    "state_name": "Haryana"
  },
  {
    "state_id": 12,
    "district id": 186,
    "district name": "Kurukshetra",
    "state_name": "Haryana"
  },
  {
    "state_id": 12,
    "district id": 206,
    "district name": "Mahendragarh",
    "state_name": "Haryana"
  },
  {
    "state_id": 12,
    "district id": 205,
    "district name": "Nuh",
    "state_name": "Haryana"
  },
  {
    "state_id": 12,
    "district id": 207,
    "district name": "Palwal",
    "state_name": "Haryana"
  },
  {
    "state_id": 12,
    "district id": 187,
    "district name": "Panchkula",
    "state_name": "Haryana"
  },
  {
    "state_id": 12,
    "district id": 195,
    "district name": "Panipat",
    "state_name": "Haryana"
  },
  {
    "state_id": 12,
    "district id": 202,
    "district name": "Rewari",
    "state_name": "Haryana"
  },
  {
    "state_id": 12,
    "district id": 192,
    "district name": "Rohtak",
    "state_name": "Haryana"
  },
  {
    "state_id": 12,
    "district id": 194,
    "district name": "Sirsa",
    "state_name": "Haryana"
  },
  {
    "state_id": 12,
    "district id": 198,
    "district name": "Sonipat",
    "state_name": "Haryana"
  },
  {
    "state_id": 12,
    "district id": 197,
    "district name": "Yamunanagar",
    "state_name": "Haryana"
  },
  {
    "state_id": 13,
    "district id": 219,
    "district name": "Bilaspur",
    "state_name": "Himachal Pradesh"
  },
  {
    "state_id": 13,
    "district id": 214,
    "district name": "Chamba",
    "state_name": "Himachal Pradesh"
  },
  {
    "state_id": 13,
    "district id": 217,
    "district name": "Hamirpur",
    "state_name": "Himachal Pradesh"
  },
  {
    "state_id": 13,
    "district id": 213,
    "district name": "Kangra",
    "state_name": "Himachal Pradesh"
  },
  {
    "state_id": 13,
    "district id": 216,
    "district name": "Kinnaur",
    "state_name": "Himachal Pradesh"
  },
  {
    "state_id": 13,
    "district id": 211,
    "district name": "Kullu",
    "state_name": "Himachal Pradesh"
  },
  {
    "state_id": 13,
    "district id": 210,
    "district name": "Lahaul Spiti",
    "state_name": "Himachal Pradesh"
  },
  {
    "state_id": 13,
    "district id": 215,
    "district name": "Mandi",
    "state_name": "Himachal Pradesh"
  },
  {
    "state_id": 13,
    "district id": 208,
    "district name": "Shimla",
    "state_name": "Himachal Pradesh"
  },
  {
    "state_id": 13,
    "district id": 212,
    "district name": "Sirmaur",
    "state_name": "Himachal Pradesh"
  },
  {
    "state_id": 13,
    "district id": 209,
    "district name": "Solan",
    "state_name": "Himachal Pradesh"
  },
  {
    "state_id": 13,
    "district id": 218,
    "district name": "Una",
    "state_name": "Himachal Pradesh"
  },
  {
    "state_id": 14,
    "district id": 224,
    "district name": "Anantnag",
    "state_name": "Jammu and Kashmir"
  },
  {
    "state_id": 14,
    "district id": 223,
    "district name": "Bandipore",
    "state_name": "Jammu and Kashmir"
  },
  {
    "state_id": 14,
    "district id": 225,
    "district name": "Baramulla",
    "state_name": "Jammu and Kashmir"
  },
  {
    "state_id": 14,
    "district id": 229,
    "district name": "Budgam",
    "state_name": "Jammu and Kashmir"
  },
  {
    "state_id": 14,
    "district id": 232,
    "district name": "Doda",
    "state_name": "Jammu and Kashmir"
  },
  {
    "state_id": 14,
    "district id": 228,
    "district name": "Ganderbal",
    "state_name": "Jammu and Kashmir"
  },
  {
    "state_id": 14,
    "district id": 230,
    "district name": "Jammu",
    "state_name": "Jammu and Kashmir"
  },
  {
    "state_id": 14,
    "district id": 234,
    "district name": "Kathua",
    "state_name": "Jammu and Kashmir"
  },
  {
    "state_id": 14,
    "district id": 231,
    "district name": "Kishtwar",
    "state_name": "Jammu and Kashmir"
  },
  {
    "state_id": 14,
    "district id": 221,
    "district name": "Kulgam",
    "state_name": "Jammu and Kashmir"
  },
  {
    "state_id": 14,
    "district id": 226,
    "district name": "Kupwara",
    "state_name": "Jammu and Kashmir"
  },
  {
    "state_id": 14,
    "district id": 238,
    "district name": "Poonch",
    "state_name": "Jammu and Kashmir"
  },
  {
    "state_id": 14,
    "district id": 227,
    "district name": "Pulwama",
    "state_name": "Jammu and Kashmir"
  },
  {
    "state_id": 14,
    "district id": 237,
    "district name": "Rajouri",
    "state_name": "Jammu and Kashmir"
  },
  {
    "state_id": 14,
    "district id": 235,
    "district name": "Ramban",
    "state_name": "Jammu and Kashmir"
  },
  {
    "state_id": 14,
    "district id": 239,
    "district name": "Reasi",
    "state_name": "Jammu and Kashmir"
  },
  {
    "state_id": 14,
    "district id": 236,
    "district name": "Samba",
    "state_name": "Jammu and Kashmir"
  },
  {
    "state_id": 14,
    "district id": 222,
    "district name": "Shopian",
    "state_name": "Jammu and Kashmir"
  },
  {
    "state_id": 14,
    "district id": 220,
    "district name": "Srinagar",
    "state_name": "Jammu and Kashmir"
  },
  {
    "state_id": 14,
    "district id": 233,
    "district name": "Udhampur",
    "state_name": "Jammu and Kashmir"
  },
  {
    "state_id": 15,
    "district id": 242,
    "district name": "Bokaro",
    "state_name": "Jharkhand"
  },
  {
    "state_id": 15,
    "district id": 245,
    "district name": "Chatra",
    "state_name": "Jharkhand"
  },
  {
    "state_id": 15,
    "district id": 253,
    "district name": "Deoghar",
    "state_name": "Jharkhand"
  },
  {
    "state_id": 15,
    "district id": 257,
    "district name": "Dhanbad",
    "state_name": "Jharkhand"
  },
  {
    "state_id": 15,
    "district id": 258,
    "district name": "Dumka",
    "state_name": "Jharkhand"
  },
  {
    "state_id": 15,
    "district id": 247,
    "district name": "East Singhbhum",
    "state_name": "Jharkhand"
  },
  {
    "state_id": 15,
    "district id": 243,
    "district name": "Garhwa",
    "state_name": "Jharkhand"
  },
  {
    "state_id": 15,
    "district id": 256,
    "district name": "Giridih",
    "state_name": "Jharkhand"
  },
  {
    "state_id": 15,
    "district id": 262,
    "district name": "Godda",
    "state_name": "Jharkhand"
  },
  {
    "state_id": 15,
    "district id": 251,
    "district name": "Gumla",
    "state_name": "Jharkhand"
  },
  {
    "state_id": 15,
    "district id": 255,
    "district name": "Hazaribagh",
    "state_name": "Jharkhand"
  },
  {
    "state_id": 15,
    "district id": 259,
    "district name": "Jamtara",
    "state_name": "Jharkhand"
  },
  {
    "state_id": 15,
    "district id": 252,
    "district name": "Khunti",
    "state_name": "Jharkhand"
  },
  {
    "state_id": 15,
    "district id": 241,
    "district name": "Koderma",
    "state_name": "Jharkhand"
  },
  {
    "state_id": 15,
    "district id": 244,
    "district name": "Latehar",
    "state_name": "Jharkhand"
  },
  {
    "state_id": 15,
    "district id": 250,
    "district name": "Lohardaga",
    "state_name": "Jharkhand"
  },
  {
    "state_id": 15,
    "district id": 261,
    "district name": "Pakur",
    "state_name": "Jharkhand"
  },
  {
    "state_id": 15,
    "district id": 246,
    "district name": "Palamu",
    "state_name": "Jharkhand"
  },
  {
    "state_id": 15,
    "district id": 254,
    "district name": "Ramgarh",
    "state_name": "Jharkhand"
  },
  {
    "state_id": 15,
    "district id": 240,
    "district name": "Ranchi",
    "state_name": "Jharkhand"
  },
  {
    "state_id": 15,
    "district id": 260,
    "district name": "Sahebganj",
    "state_name": "Jharkhand"
  },
  {
    "state_id": 15,
    "district id": 248,
    "district name": "Seraikela Kharsawan",
    "state_name": "Jharkhand"
  },
  {
    "state_id": 15,
    "district id": 249,
    "district name": "Simdega",
    "state_name": "Jharkhand"
  },
  {
    "state_id": 15,
    "district id": 263,
    "district name": "West Singhbhum",
    "state_name": "Jharkhand"
  },
  {
    "state_id": 16,
    "district id": 270,
    "district name": "Bagalkot",
    "state_name": "Karnataka"
  },
  {
    "state_id": 16,
    "district id": 276,
    "district name": "Bangalore Rural",
    "state_name": "Karnataka"
  },
  {
    "state_id": 16,
    "district id": 265,
    "district name": "Bangalore Urban",
    "state_name": "Karnataka"
  },
  {
    "state_id": 16,
    "district id": 294,
    "district name": "BBMP",
    "state_name": "Karnataka"
  },
  {
    "state_id": 16,
    "district id": 264,
    "district name": "Belgaum",
    "state_name": "Karnataka"
  },
  {
    "state_id": 16,
    "district id": 274,
    "district name": "Bellary",
    "state_name": "Karnataka"
  },
  {
    "state_id": 16,
    "district id": 272,
    "district name": "Bidar",
    "state_name": "Karnataka"
  },
  {
    "state_id": 16,
    "district id": 271,
    "district name": "Chamarajanagar",
    "state_name": "Karnataka"
  },
  {
    "state_id": 16,
    "district id": 273,
    "district name": "Chikamagalur",
    "state_name": "Karnataka"
  },
  {
    "state_id": 16,
    "district id": 291,
    "district name": "Chikkaballapur",
    "state_name": "Karnataka"
  },
  {
    "state_id": 16,
    "district id": 268,
    "district name": "Chitradurga",
    "state_name": "Karnataka"
  },
  {
    "state_id": 16,
    "district id": 269,
    "district name": "Dakshina Kannada",
    "state_name": "Karnataka"
  },
  {
    "state_id": 16,
    "district id": 275,
    "district name": "Davanagere",
    "state_name": "Karnataka"
  },
  {
    "state_id": 16,
    "district id": 278,
    "district name": "Dharwad",
    "state_name": "Karnataka"
  },
  {
    "state_id": 16,
    "district id": 280,
    "district name": "Gadag",
    "state_name": "Karnataka"
  },
  {
    "state_id": 16,
    "district id": 267,
    "district name": "Gulbarga",
    "state_name": "Karnataka"
  },
  {
    "state_id": 16,
    "district id": 289,
    "district name": "Hassan",
    "state_name": "Karnataka"
  },
  {
    "state_id": 16,
    "district id": 279,
    "district name": "Haveri",
    "state_name": "Karnataka"
  },
  {
    "state_id": 16,
    "district id": 283,
    "district name": "Kodagu",
    "state_name": "Karnataka"
  },
  {
    "state_id": 16,
    "district id": 277,
    "district name": "Kolar",
    "state_name": "Karnataka"
  },
  {
    "state_id": 16,
    "district id": 282,
    "district name": "Koppal",
    "state_name": "Karnataka"
  },
  {
    "state_id": 16,
    "district id": 290,
    "district name": "Mandya",
    "state_name": "Karnataka"
  },
  {
    "state_id": 16,
    "district id": 266,
    "district name": "Mysore",
    "state_name": "Karnataka"
  },
  {
    "state_id": 16,
    "district id": 284,
    "district name": "Raichur",
    "state_name": "Karnataka"
  },
  {
    "state_id": 16,
    "district id": 292,
    "district name": "Ramanagara",
    "state_name": "Karnataka"
  },
  {
    "state_id": 16,
    "district id": 287,
    "district name": "Shimoga",
    "state_name": "Karnataka"
  },
  {
    "state_id": 16,
    "district id": 288,
    "district name": "Tumkur",
    "state_name": "Karnataka"
  },
  {
    "state_id": 16,
    "district id": 286,
    "district name": "Udupi",
    "state_name": "Karnataka"
  },
  {
    "state_id": 16,
    "district id": 281,
    "district name": "Uttar Kannada",
    "state_name": "Karnataka"
  },
  {
    "state_id": 16,
    "district id": 293,
    "district name": "Vijayapura",
    "state_name": "Karnataka"
  },
  {
    "state_id": 16,
    "district id": 285,
    "district name": "Yadgir",
    "state_name": "Karnataka"
  },
  {
    "state_id": 17,
    "district id": 301,
    "district name": "Alappuzha",
    "state_name": "Kerala"
  },
  {
    "state_id": 17,
    "district id": 307,
    "district name": "Ernakulam",
    "state_name": "Kerala"
  },
  {
    "state_id": 17,
    "district id": 306,
    "district name": "Idukki",
    "state_name": "Kerala"
  },
  {
    "state_id": 17,
    "district id": 297,
    "district name": "Kannur",
    "state_name": "Kerala"
  },
  {
    "state_id": 17,
    "district id": 295,
    "district name": "Kasaragod",
    "state_name": "Kerala"
  },
  {
    "state_id": 17,
    "district id": 298,
    "district name": "Kollam",
    "state_name": "Kerala"
  },
  {
    "state_id": 17,
    "district id": 304,
    "district name": "Kottayam",
    "state_name": "Kerala"
  },
  {
    "state_id": 17,
    "district id": 305,
    "district name": "Kozhikode",
    "state_name": "Kerala"
  },
  {
    "state_id": 17,
    "district id": 302,
    "district name": "Malappuram",
    "state_name": "Kerala"
  },
  {
    "state_id": 17,
    "district id": 308,
    "district name": "Palakkad",
    "state_name": "Kerala"
  },
  {
    "state_id": 17,
    "district id": 300,
    "district name": "Pathanamthitta",
    "state_name": "Kerala"
  },
  {
    "state_id": 17,
    "district id": 296,
    "district name": "Thiruvananthapuram",
    "state_name": "Kerala"
  },
  {
    "state_id": 17,
    "district id": 303,
    "district name": "Thrissur",
    "state_name": "Kerala"
  },
  {
    "state_id": 17,
    "district id": 299,
    "district name": "Wayanad",
    "state_name": "Kerala"
  },
  {
    "state_id": 18,
    "district id": 309,
    "district name": "Kargil",
    "state_name": "Ladakh"
  },
  {
    "state_id": 18,
    "district id": 310,
    "district name": "Leh",
    "state_name": "Ladakh"
  },
  {
    "state_id": 19,
    "district id": 796,
    "district name": "Agatti Island",
    "state_name": "Lakshadweep"
  },
  {
    "state_id": 19,
    "district id": 311,
    "district name": "Lakshadweep",
    "state_name": "Lakshadweep"
  },
  {
    "state_id": 20,
    "district id": 320,
    "district name": "Agar",
    "state_name": "Madhya Pradesh"
  },
  {
    "state_id": 20,
    "district id": 357,
    "district name": "Alirajpur",
    "state_name": "Madhya Pradesh"
  },
  {
    "state_id": 20,
    "district id": 334,
    "district name": "Anuppur",
    "state_name": "Madhya Pradesh"
  },
  {
    "state_id": 20,
    "district id": 354,
    "district name": "Ashoknagar",
    "state_name": "Madhya Pradesh"
  },
  {
    "state_id": 20,
    "district id": 338,
    "district name": "Balaghat",
    "state_name": "Madhya Pradesh"
  },
  {
    "state_id": 20,
    "district id": 343,
    "district name": "Barwani",
    "state_name": "Madhya Pradesh"
  },
  {
    "state_id": 20,
    "district id": 362,
    "district name": "Betul",
    "state_name": "Madhya Pradesh"
  },
  {
    "state_id": 20,
    "district id": 351,
    "district name": "Bhind",
    "state_name": "Madhya Pradesh"
  },
  {
    "state_id": 20,
    "district id": 312,
    "district name": "Bhopal",
    "state_name": "Madhya Pradesh"
  },
  {
    "state_id": 20,
    "district id": 342,
    "district name": "Burhanpur",
    "state_name": "Madhya Pradesh"
  },
  {
    "state_id": 20,
    "district id": 328,
    "district name": "Chhatarpur",
    "state_name": "Madhya Pradesh"
  },
  {
    "state_id": 20,
    "district id": 337,
    "district name": "Chhindwara",
    "state_name": "Madhya Pradesh"
  },
  {
    "state_id": 20,
    "district id": 327,
    "district name": "Damoh",
    "state_name": "Madhya Pradesh"
  },
  {
    "state_id": 20,
    "district id": 350,
    "district name": "Datia",
    "state_name": "Madhya Pradesh"
  },
  {
    "state_id": 20,
    "district id": 324,
    "district name": "Dewas",
    "state_name": "Madhya Pradesh"
  },
  {
    "state_id": 20,
    "district id": 341,
    "district name": "Dhar",
    "state_name": "Madhya Pradesh"
  },
  {
    "state_id": 20,
    "district id": 336,
    "district name": "Dindori",
    "state_name": "Madhya Pradesh"
  },
  {
    "state_id": 20,
    "district id": 348,
    "district name": "Guna",
    "state_name": "Madhya Pradesh"
  },
  {
    "state_id": 20,
    "district id": 313,
    "district name": "Gwalior",
    "state_name": "Madhya Pradesh"
  },
  {
    "state_id": 20,
    "district id": 361,
    "district name": "Harda",
    "state_name": "Madhya Pradesh"
  },
  {
    "state_id": 20,
    "district id": 360,
    "district name": "Hoshangabad",
    "state_name": "Madhya Pradesh"
  },
  {
    "state_id": 20,
    "district id": 314,
    "district name": "Indore",
    "state_name": "Madhya Pradesh"
  },
  {
    "state_id": 20,
    "district id": 315,
    "district name": "Jabalpur",
    "state_name": "Madhya Pradesh"
  },
  {
    "state_id": 20,
    "district id": 340,
    "district name": "Jhabua",
    "state_name": "Madhya Pradesh"
  },
  {
    "state_id": 20,
    "district id": 353,
    "district name": "Katni",
    "state_name": "Madhya Pradesh"
  },
  {
    "state_id": 20,
    "district id": 339,
    "district name": "Khandwa",
    "state_name": "Madhya Pradesh"
  },
  {
    "state_id": 20,
    "district id": 344,
    "district name": "Khargone",
    "state_name": "Madhya Pradesh"
  },
  {
    "state_id": 20,
    "district id": 335,
    "district name": "Mandla",
    "state_name": "Madhya Pradesh"
  },
  {
    "state_id": 20,
    "district id": 319,
    "district name": "Mandsaur",
    "state_name": "Madhya Pradesh"
  },
  {
    "state_id": 20,
    "district id": 347,
    "district name": "Morena",
    "state_name": "Madhya Pradesh"
  },
  {
    "state_id": 20,
    "district id": 352,
    "district name": "Narsinghpur",
    "state_name": "Madhya Pradesh"
  },
  {
    "state_id": 20,
    "district id": 323,
    "district name": "Neemuch",
    "state_name": "Madhya Pradesh"
  },
  {
    "state_id": 20,
    "district id": 326,
    "district name": "Panna",
    "state_name": "Madhya Pradesh"
  },
  {
    "state_id": 20,
    "district id": 359,
    "district name": "Raisen",
    "state_name": "Madhya Pradesh"
  },
  {
    "state_id": 20,
    "district id": 358,
    "district name": "Rajgarh",
    "state_name": "Madhya Pradesh"
  },
  {
    "state_id": 20,
    "district id": 322,
    "district name": "Ratlam",
    "state_name": "Madhya Pradesh"
  },
  {
    "state_id": 20,
    "district id": 316,
    "district name": "Rewa",
    "state_name": "Madhya Pradesh"
  },
  {
    "state_id": 20,
    "district id": 317,
    "district name": "Sagar",
    "state_name": "Madhya Pradesh"
  },
  {
    "state_id": 20,
    "district id": 333,
    "district name": "Satna",
    "state_name": "Madhya Pradesh"
  },
  {
    "state_id": 20,
    "district id": 356,
    "district name": "Sehore",
    "state_name": "Madhya Pradesh"
  },
  {
    "state_id": 20,
    "district id": 349,
    "district name": "Seoni",
    "state_name": "Madhya Pradesh"
  },
  {
    "state_id": 20,
    "district id": 332,
    "district name": "Shahdol",
    "state_name": "Madhya Pradesh"
  },
  {
    "state_id": 20,
    "district id": 321,
    "district name": "Shajapur",
    "state_name": "Madhya Pradesh"
  },
  {
    "state_id": 20,
    "district id": 346,
    "district name": "Sheopur",
    "state_name": "Madhya Pradesh"
  },
  {
    "state_id": 20,
    "district id": 345,
    "district name": "Shivpuri",
    "state_name": "Madhya Pradesh"
  },
  {
    "state_id": 20,
    "district id": 331,
    "district name": "Sidhi",
    "state_name": "Madhya Pradesh"
  },
  {
    "state_id": 20,
    "district id": 330,
    "district name": "Singrauli",
    "state_name": "Madhya Pradesh"
  },
  {
    "state_id": 20,
    "district id": 325,
    "district name": "Tikamgarh",
    "state_name": "Madhya Pradesh"
  },
  {
    "state_id": 20,
    "district id": 318,
    "district name": "Ujjain",
    "state_name": "Madhya Pradesh"
  },
  {
    "state_id": 20,
    "district id": 329,
    "district name": "Umaria",
    "state_name": "Madhya Pradesh"
  },
  {
    "state_id": 20,
    "district id": 355,
    "district name": "Vidisha",
    "state_name": "Madhya Pradesh"
  },
  {
    "state_id": 21,
    "district id": 391,
    "district name": "Ahmednagar",
    "state_name": "Maharashtra"
  },
  {
    "state_id": 21,
    "district id": 364,
    "district name": "Akola",
    "state_name": "Maharashtra"
  },
  {
    "state_id": 21,
    "district id": 366,
    "district name": "Amravati",
    "state_name": "Maharashtra"
  },
  {
    "state_id": 21,
    "district id": 397,
    "district name": "Aurangabad",
    "state_name": "Maharashtra"
  },
  {
    "state_id": 21,
    "district id": 384,
    "district name": "Beed",
    "state_name": "Maharashtra"
  },
  {
    "state_id": 21,
    "district id": 370,
    "district name": "Bhandara",
    "state_name": "Maharashtra"
  },
  {
    "state_id": 21,
    "district id": 367,
    "district name": "Buldhana",
    "state_name": "Maharashtra"
  },
  {
    "state_id": 21,
    "district id": 380,
    "district name": "Chandrapur",
    "state_name": "Maharashtra"
  },
  {
    "state_id": 21,
    "district id": 388,
    "district name": "Dhule",
    "state_name": "Maharashtra"
  },
  {
    "state_id": 21,
    "district id": 379,
    "district name": "Gadchiroli",
    "state_name": "Maharashtra"
  },
  {
    "state_id": 21,
    "district id": 378,
    "district name": "Gondia",
    "state_name": "Maharashtra"
  },
  {
    "state_id": 21,
    "district id": 386,
    "district name": "Hingoli",
    "state_name": "Maharashtra"
  },
  {
    "state_id": 21,
    "district id": 390,
    "district name": "Jalgaon",
    "state_name": "Maharashtra"
  },
  {
    "state_id": 21,
    "district id": 396,
    "district name": "Jalna",
    "state_name": "Maharashtra"
  },
  {
    "state_id": 21,
    "district id": 371,
    "district name": "Kolhapur",
    "state_name": "Maharashtra"
  },
  {
    "state_id": 21,
    "district id": 383,
    "district name": "Latur",
    "state_name": "Maharashtra"
  },
  {
    "state_id": 21,
    "district id": 395,
    "district name": "Mumbai",
    "state_name": "Maharashtra"
  },
  {
    "state_id": 21,
    "district id": 365,
    "district name": "Nagpur",
    "state_name": "Maharashtra"
  },
  {
    "state_id": 21,
    "district id": 382,
    "district name": "Nanded",
    "state_name": "Maharashtra"
  },
  {
    "state_id": 21,
    "district id": 387,
    "district name": "Nandurbar",
    "state_name": "Maharashtra"
  },
  {
    "state_id": 21,
    "district id": 389,
    "district name": "Nashik",
    "state_name": "Maharashtra"
  },
  {
    "state_id": 21,
    "district id": 381,
    "district name": "Osmanabad",
    "state_name": "Maharashtra"
  },
  {
    "state_id": 21,
    "district id": 394,
    "district name": "Palghar",
    "state_name": "Maharashtra"
  },
  {
    "state_id": 21,
    "district id": 385,
    "district name": "Parbhani",
    "state_name": "Maharashtra"
  },
  {
    "state_id": 21,
    "district id": 363,
    "district name": "Pune",
    "state_name": "Maharashtra"
  },
  {
    "state_id": 21,
    "district id": 393,
    "district name": "Raigad",
    "state_name": "Maharashtra"
  },
  {
    "state_id": 21,
    "district id": 372,
    "district name": "Ratnagiri",
    "state_name": "Maharashtra"
  },
  {
    "state_id": 21,
    "district id": 373,
    "district name": "Sangli",
    "state_name": "Maharashtra"
  },
  {
    "state_id": 21,
    "district id": 376,
    "district name": "Satara",
    "state_name": "Maharashtra"
  },
  {
    "state_id": 21,
    "district id": 374,
    "district name": "Sindhudurg",
    "state_name": "Maharashtra"
  },
  {
    "state_id": 21,
    "district id": 375,
    "district name": "Solapur",
    "state_name": "Maharashtra"
  },
  {
    "state_id": 21,
    "district id": 392,
    "district name": "Thane",
    "state_name": "Maharashtra"
  },
  {
    "state_id": 21,
    "district id": 377,
    "district name": "Wardha",
    "state_name": "Maharashtra"
  },
  {
    "state_id": 21,
    "district id": 369,
    "district name": "Washim",
    "state_name": "Maharashtra"
  },
  {
    "state_id": 21,
    "district id": 368,
    "district name": "Yavatmal",
    "state_name": "Maharashtra"
  },
  {
    "state_id": 22,
    "district id": 398,
    "district name": "Bishnupur",
    "state_name": "Manipur"
  },
  {
    "state_id": 22,
    "district id": 399,
    "district name": "Chandel",
    "state_name": "Manipur"
  },
  {
    "state_id": 22,
    "district id": 400,
    "district name": "Churachandpur",
    "state_name": "Manipur"
  },
  {
    "state_id": 22,
    "district id": 401,
    "district name": "Imphal East",
    "state_name": "Manipur"
  },
  {
    "state_id": 22,
    "district id": 402,
    "district name": "Imphal West",
    "state_name": "Manipur"
  },
  {
    "state_id": 22,
    "district id": 410,
    "district name": "Jiribam",
    "state_name": "Manipur"
  },
  {
    "state_id": 22,
    "district id": 413,
    "district name": "Kakching",
    "state_name": "Manipur"
  },
  {
    "state_id": 22,
    "district id": 409,
    "district name": "Kamjong",
    "state_name": "Manipur"
  },
  {
    "state_id": 22,
    "district id": 408,
    "district name": "Kangpokpi",
    "state_name": "Manipur"
  },
  {
    "state_id": 22,
    "district id": 412,
    "district name": "Noney",
    "state_name": "Manipur"
  },
  {
    "state_id": 22,
    "district id": 411,
    "district name": "Pherzawl",
    "state_name": "Manipur"
  },
  {
    "state_id": 22,
    "district id": 403,
    "district name": "Senapati",
    "state_name": "Manipur"
  },
  {
    "state_id": 22,
    "district id": 404,
    "district name": "Tamenglong",
    "state_name": "Manipur"
  },
  {
    "state_id": 22,
    "district id": 407,
    "district name": "Tengnoupal",
    "state_name": "Manipur"
  },
  {
    "state_id": 22,
    "district id": 405,
    "district name": "Thoubal",
    "state_name": "Manipur"
  },
  {
    "state_id": 22,
    "district id": 406,
    "district name": "Ukhrul",
    "state_name": "Manipur"
  },
  {
    "state_id": 23,
    "district id": 424,
    "district name": "East Garo Hills",
    "state_name": "Meghalaya"
  },
  {
    "state_id": 23,
    "district id": 418,
    "district name": "East Jaintia Hills",
    "state_name": "Meghalaya"
  },
  {
    "state_id": 23,
    "district id": 414,
    "district name": "East Khasi Hills",
    "state_name": "Meghalaya"
  },
  {
    "state_id": 23,
    "district id": 423,
    "district name": "North Garo Hills",
    "state_name": "Meghalaya"
  },
  {
    "state_id": 23,
    "district id": 417,
    "district name": "Ri-Bhoi",
    "state_name": "Meghalaya"
  },
  {
    "state_id": 23,
    "district id": 421,
    "district name": "South Garo Hills",
    "state_name": "Meghalaya"
  },
  {
    "state_id": 23,
    "district id": 422,
    "district name": "South West Garo Hills",
    "state_name": "Meghalaya"
  },
  {
    "state_id": 23,
    "district id": 415,
    "district name": "South West Khasi Hills",
    "state_name": "Meghalaya"
  },
  {
    "state_id": 23,
    "district id": 420,
    "district name": "West Garo Hills",
    "state_name": "Meghalaya"
  },
  {
    "state_id": 23,
    "district id": 416,
    "district name": "West Jaintia Hills",
    "state_name": "Meghalaya"
  },
  {
    "state_id": 23,
    "district id": 419,
    "district name": "West Khasi Hills",
    "state_name": "Meghalaya"
  },
  {
    "state_id": 24,
    "district id": 425,
    "district name": "Aizawl East",
    "state_name": "Mizoram"
  },
  {
    "state_id": 24,
    "district id": 426,
    "district name": "Aizawl West",
    "state_name": "Mizoram"
  },
  {
    "state_id": 24,
    "district id": 429,
    "district name": "Champhai",
    "state_name": "Mizoram"
  },
  {
    "state_id": 24,
    "district id": 428,
    "district name": "Kolasib",
    "state_name": "Mizoram"
  },
  {
    "state_id": 24,
    "district id": 432,
    "district name": "Lawngtlai",
    "state_name": "Mizoram"
  },
  {
    "state_id": 24,
    "district id": 431,
    "district name": "Lunglei",
    "state_name": "Mizoram"
  },
  {
    "state_id": 24,
    "district id": 427,
    "district name": "Mamit",
    "state_name": "Mizoram"
  },
  {
    "state_id": 24,
    "district id": 430,
    "district name": "Serchhip",
    "state_name": "Mizoram"
  },
  {
    "state_id": 24,
    "district id": 433,
    "district name": "Siaha",
    "state_name": "Mizoram"
  },
  {
    "state_id": 25,
    "district id": 434,
    "district name": "Dimapur",
    "state_name": "Nagaland"
  },
  {
    "state_id": 25,
    "district id": 444,
    "district name": "Kiphire",
    "state_name": "Nagaland"
  },
  {
    "state_id": 25,
    "district id": 441,
    "district name": "Kohima",
    "state_name": "Nagaland"
  },
  {
    "state_id": 25,
    "district id": 438,
    "district name": "Longleng",
    "state_name": "Nagaland"
  },
  {
    "state_id": 25,
    "district id": 437,
    "district name": "Mokokchung",
    "state_name": "Nagaland"
  },
  {
    "state_id": 25,
    "district id": 439,
    "district name": "Mon",
    "state_name": "Nagaland"
  },
  {
    "state_id": 25,
    "district id": 435,
    "district name": "Peren",
    "state_name": "Nagaland"
  },
  {
    "state_id": 25,
    "district id": 443,
    "district name": "Phek",
    "state_name": "Nagaland"
  },
  {
    "state_id": 25,
    "district id": 440,
    "district name": "Tuensang",
    "state_name": "Nagaland"
  },
  {
    "state_id": 25,
    "district id": 436,
    "district name": "Wokha",
    "state_name": "Nagaland"
  },
  {
    "state_id": 25,
    "district id": 442,
    "district name": "Zunheboto",
    "state_name": "Nagaland"
  },
  {
    "state_id": 26,
    "district id": 445,
    "district name": "Angul",
    "state_name": "Odisha"
  },
  {
    "state_id": 26,
    "district id": 448,
    "district name": "Balangir",
    "state_name": "Odisha"
  },
  {
    "state_id": 26,
    "district id": 447,
    "district name": "Balasore",
    "state_name": "Odisha"
  },
  {
    "state_id": 26,
    "district id": 472,
    "district name": "Bargarh",
    "state_name": "Odisha"
  },
  {
    "state_id": 26,
    "district id": 454,
    "district name": "Bhadrak",
    "state_name": "Odisha"
  },
  {
    "state_id": 26,
    "district id": 468,
    "district name": "Boudh",
    "state_name": "Odisha"
  },
  {
    "state_id": 26,
    "district id": 457,
    "district name": "Cuttack",
    "state_name": "Odisha"
  },
  {
    "state_id": 26,
    "district id": 473,
    "district name": "Deogarh",
    "state_name": "Odisha"
  },
  {
    "state_id": 26,
    "district id": 458,
    "district name": "Dhenkanal",
    "state_name": "Odisha"
  },
  {
    "state_id": 26,
    "district id": 467,
    "district name": "Gajapati",
    "state_name": "Odisha"
  },
  {
    "state_id": 26,
    "district id": 449,
    "district name": "Ganjam",
    "state_name": "Odisha"
  },
  {
    "state_id": 26,
    "district id": 459,
    "district name": "Jagatsinghpur",
    "state_name": "Odisha"
  },
  {
    "state_id": 26,
    "district id": 460,
    "district name": "Jajpur",
    "state_name": "Odisha"
  },
  {
    "state_id": 26,
    "district id": 474,
    "district name": "Jharsuguda",
    "state_name": "Odisha"
  },
  {
    "state_id": 26,
    "district id": 464,
    "district name": "Kalahandi",
    "state_name": "Odisha"
  },
  {
    "state_id": 26,
    "district id": 450,
    "district name": "Kandhamal",
    "state_name": "Odisha"
  },
  {
    "state_id": 26,
    "district id": 461,
    "district name": "Kendrapara",
    "state_name": "Odisha"
  },
  {
    "state_id": 26,
    "district id": 455,
    "district name": "Kendujhar",
    "state_name": "Odisha"
  },
  {
    "state_id": 26,
    "district id": 446,
    "district name": "Khurda",
    "state_name": "Odisha"
  },
  {
    "state_id": 26,
    "district id": 451,
    "district name": "Koraput",
    "state_name": "Odisha"
  },
  {
    "state_id": 26,
    "district id": 469,
    "district name": "Malkangiri",
    "state_name": "Odisha"
  },
  {
    "state_id": 26,
    "district id": 456,
    "district name": "Mayurbhanj",
    "state_name": "Odisha"
  },
  {
    "state_id": 26,
    "district id": 470,
    "district name": "Nabarangpur",
    "state_name": "Odisha"
  },
  {
    "state_id": 26,
    "district id": 462,
    "district name": "Nayagarh",
    "state_name": "Odisha"
  },
  {
    "state_id": 26,
    "district id": 465,
    "district name": "Nuapada",
    "state_name": "Odisha"
  },
  {
    "state_id": 26,
    "district id": 463,
    "district name": "Puri",
    "state_name": "Odisha"
  },
  {
    "state_id": 26,
    "district id": 471,
    "district name": "Rayagada",
    "state_name": "Odisha"
  },
  {
    "state_id": 26,
    "district id": 452,
    "district name": "Sambalpur",
    "state_name": "Odisha"
  },
  {
    "state_id": 26,
    "district id": 466,
    "district name": "Subarnapur",
    "state_name": "Odisha"
  },
  {
    "state_id": 26,
    "district id": 453,
    "district name": "Sundargarh",
    "state_name": "Odisha"
  },
  {
    "state_id": 27,
    "district id": 476,
    "district name": "Karaikal",
    "state_name": "Puducherry"
  },
  {
    "state_id": 27,
    "district id": 477,
    "district name": "Mahe",
    "state_name": "Puducherry"
  },
  {
    "state_id": 27,
    "district id": 475,
    "district name": "Puducherry",
    "state_name": "Puducherry"
  },
  {
    "state_id": 27,
    "district id": 478,
    "district name": "Yanam",
    "state_name": "Puducherry"
  },
  {
    "state_id": 28,
    "district id": 485,
    "district name": "Amritsar",
    "state_name": "Punjab"
  },
  {
    "state_id": 28,
    "district id": 483,
    "district name": "Barnala",
    "state_name": "Punjab"
  },
  {
    "state_id": 28,
    "district id": 493,
    "district name": "Bathinda",
    "state_name": "Punjab"
  },
  {
    "state_id": 28,
    "district id": 499,
    "district name": "Faridkot",
    "state_name": "Punjab"
  },
  {
    "state_id": 28,
    "district id": 484,
    "district name": "Fatehgarh Sahib",
    "state_name": "Punjab"
  },
  {
    "state_id": 28,
    "district id": 487,
    "district name": "Fazilka",
    "state_name": "Punjab"
  },
  {
    "state_id": 28,
    "district id": 480,
    "district name": "Ferozpur",
    "state_name": "Punjab"
  },
  {
    "state_id": 28,
    "district id": 489,
    "district name": "Gurdaspur",
    "state_name": "Punjab"
  },
  {
    "state_id": 28,
    "district id": 481,
    "district name": "Hoshiarpur",
    "state_name": "Punjab"
  },
  {
    "state_id": 28,
    "district id": 492,
    "district name": "Jalandhar",
    "state_name": "Punjab"
  },
  {
    "state_id": 28,
    "district id": 479,
    "district name": "Kapurthala",
    "state_name": "Punjab"
  },
  {
    "state_id": 28,
    "district id": 488,
    "district name": "Ludhiana",
    "state_name": "Punjab"
  },
  {
    "state_id": 28,
    "district id": 482,
    "district name": "Mansa",
    "state_name": "Punjab"
  },
  {
    "state_id": 28,
    "district id": 491,
    "district name": "Moga",
    "state_name": "Punjab"
  },
  {
    "state_id": 28,
    "district id": 486,
    "district name": "Pathankot",
    "state_name": "Punjab"
  },
  {
    "state_id": 28,
    "district id": 494,
    "district name": "Patiala",
    "state_name": "Punjab"
  },
  {
    "state_id": 28,
    "district id": 497,
    "district name": "Rup Nagar",
    "state_name": "Punjab"
  },
  {
    "state_id": 28,
    "district id": 498,
    "district name": "Sangrur",
    "state_name": "Punjab"
  },
  {
    "state_id": 28,
    "district id": 496,
    "district name": "SAS Nagar",
    "state_name": "Punjab"
  },
  {
    "state_id": 28,
    "district id": 500,
    "district name": "SBS Nagar",
    "state_name": "Punjab"
  },
  {
    "state_id": 28,
    "district id": 490,
    "district name": "Sri Muktsar Sahib",
    "state_name": "Punjab"
  },
  {
    "state_id": 28,
    "district id": 495,
    "district name": "Tarn Taran",
    "state_name": "Punjab"
  },
  {
    "state_id": 29,
    "district id": 507,
    "district name": "Ajmer",
    "state_name": "Rajasthan"
  },
  {
    "state_id": 29,
    "district id": 512,
    "district name": "Alwar",
    "state_name": "Rajasthan"
  },
  {
    "state_id": 29,
    "district id": 519,
    "district name": "Banswara",
    "state_name": "Rajasthan"
  },
  {
    "state_id": 29,
    "district id": 516,
    "district name": "Baran",
    "state_name": "Rajasthan"
  },
  {
    "state_id": 29,
    "district id": 528,
    "district name": "Barmer",
    "state_name": "Rajasthan"
  },
  {
    "state_id": 29,
    "district id": 508,
    "district name": "Bharatpur",
    "state_name": "Rajasthan"
  },
  {
    "state_id": 29,
    "district id": 523,
    "district name": "Bhilwara",
    "state_name": "Rajasthan"
  },
  {
    "state_id": 29,
    "district id": 501,
    "district name": "Bikaner",
    "state_name": "Rajasthan"
  },
  {
    "state_id": 29,
    "district id": 514,
    "district name": "Bundi",
    "state_name": "Rajasthan"
  },
  {
    "state_id": 29,
    "district id": 521,
    "district name": "Chittorgarh",
    "state_name": "Rajasthan"
  },
  {
    "state_id": 29,
    "district id": 530,
    "district name": "Churu",
    "state_name": "Rajasthan"
  },
  {
    "state_id": 29,
    "district id": 511,
    "district name": "Dausa",
    "state_name": "Rajasthan"
  },
  {
    "state_id": 29,
    "district id": 524,
    "district name": "Dholpur",
    "state_name": "Rajasthan"
  },
  {
    "state_id": 29,
    "district id": 520,
    "district name": "Dungarpur",
    "state_name": "Rajasthan"
  },
  {
    "state_id": 29,
    "district id": 517,
    "district name": "Hanumangarh",
    "state_name": "Rajasthan"
  },
  {
    "state_id": 29,
    "district id": 505,
    "district name": "Jaipur I",
    "state_name": "Rajasthan"
  },
  {
    "state_id": 29,
    "district id": 506,
    "district name": "Jaipur II",
    "state_name": "Rajasthan"
  },
  {
    "state_id": 29,
    "district id": 527,
    "district name": "Jaisalmer",
    "state_name": "Rajasthan"
  },
  {
    "state_id": 29,
    "district id": 533,
    "district name": "Jalore",
    "state_name": "Rajasthan"
  },
  {
    "state_id": 29,
    "district id": 515,
    "district name": "Jhalawar",
    "state_name": "Rajasthan"
  },
  {
    "state_id": 29,
    "district id": 510,
    "district name": "Jhunjhunu",
    "state_name": "Rajasthan"
  },
  {
    "state_id": 29,
    "district id": 502,
    "district name": "Jodhpur",
    "state_name": "Rajasthan"
  },
  {
    "state_id": 29,
    "district id": 525,
    "district name": "Karauli",
    "state_name": "Rajasthan"
  },
  {
    "state_id": 29,
    "district id": 503,
    "district name": "Kota",
    "state_name": "Rajasthan"
  },
  {
    "state_id": 29,
    "district id": 532,
    "district name": "Nagaur",
    "state_name": "Rajasthan"
  },
  {
    "state_id": 29,
    "district id": 529,
    "district name": "Pali",
    "state_name": "Rajasthan"
  },
  {
    "state_id": 29,
    "district id": 522,
    "district name": "Pratapgarh",
    "state_name": "Rajasthan"
  },
  {
    "state_id": 29,
    "district id": 518,
    "district name": "Rajsamand",
    "state_name": "Rajasthan"
  },
  {
    "state_id": 29,
    "district id": 534,
    "district name": "Sawai Madhopur",
    "state_name": "Rajasthan"
  },
  {
    "state_id": 29,
    "district id": 513,
    "district name": "Sikar",
    "state_name": "Rajasthan"
  },
  {
    "state_id": 29,
    "district id": 531,
    "district name": "Sirohi",
    "state_name": "Rajasthan"
  },
  {
    "state_id": 29,
    "district id": 509,
    "district name": "Sri Ganganagar",
    "state_name": "Rajasthan"
  },
  {
    "state_id": 29,
    "district id": 526,
    "district name": "Tonk",
    "state_name": "Rajasthan"
  },
  {
    "state_id": 29,
    "district id": 504,
    "district name": "Udaipur",
    "state_name": "Rajasthan"
  },
  {
    "state_id": 30,
    "district id": 535,
    "district name": "East Sikkim",
    "state_name": "Sikkim"
  },
  {
    "state_id": 30,
    "district id": 537,
    "district name": "North Sikkim",
    "state_name": "Sikkim"
  },
  {
    "state_id": 30,
    "district id": 538,
    "district name": "South Sikkim",
    "state_name": "Sikkim"
  },
  {
    "state_id": 30,
    "district id": 536,
    "district name": "West Sikkim",
    "state_name": "Sikkim"
  },
  {
    "state_id": 31,
    "district id": 779,
    "district name": "Aranthangi",
    "state_name": "Tamil Nadu"
  },
  {
    "state_id": 31,
    "district id": 555,
    "district name": "Ariyalur",
    "state_name": "Tamil Nadu"
  },
  {
    "state_id": 31,
    "district id": 578,
    "district name": "Attur",
    "state_name": "Tamil Nadu"
  },
  {
    "state_id": 31,
    "district id": 565,
    "district name": "Chengalpet",
    "state_name": "Tamil Nadu"
  },
  {
    "state_id": 31,
    "district id": 571,
    "district name": "Chennai",
    "state_name": "Tamil Nadu"
  },
  {
    "state_id": 31,
    "district id": 778,
    "district name": "Cheyyar",
    "state_name": "Tamil Nadu"
  },
  {
    "state_id": 31,
    "district id": 539,
    "district name": "Coimbatore",
    "state_name": "Tamil Nadu"
  },
  {
    "state_id": 31,
    "district id": 547,
    "district name": "Cuddalore",
    "state_name": "Tamil Nadu"
  },
  {
    "state_id": 31,
    "district id": 566,
    "district name": "Dharmapuri",
    "state_name": "Tamil Nadu"
  },
  {
    "state_id": 31,
    "district id": 556,
    "district name": "Dindigul",
    "state_name": "Tamil Nadu"
  },
  {
    "state_id": 31,
    "district id": 563,
    "district name": "Erode",
    "state_name": "Tamil Nadu"
  },
  {
    "state_id": 31,
    "district id": 552,
    "district name": "Kallakurichi",
    "state_name": "Tamil Nadu"
  },
  {
    "state_id": 31,
    "district id": 557,
    "district name": "Kanchipuram",
    "state_name": "Tamil Nadu"
  },
  {
    "state_id": 31,
    "district id": 544,
    "district name": "Kanyakumari",
    "state_name": "Tamil Nadu"
  },
  {
    "state_id": 31,
    "district id": 559,
    "district name": "Karur",
    "state_name": "Tamil Nadu"
  },
  {
    "state_id": 31,
    "district id": 780,
    "district name": "Kovilpatti",
    "state_name": "Tamil Nadu"
  },
  {
    "state_id": 31,
    "district id": 562,
    "district name": "Krishnagiri",
    "state_name": "Tamil Nadu"
  },
  {
    "state_id": 31,
    "district id": 540,
    "district name": "Madurai",
    "state_name": "Tamil Nadu"
  },
  {
    "state_id": 31,
    "district id": 576,
    "district name": "Nagapattinam",
    "state_name": "Tamil Nadu"
  },
  {
    "state_id": 31,
    "district id": 558,
    "district name": "Namakkal",
    "state_name": "Tamil Nadu"
  },
  {
    "state_id": 31,
    "district id": 577,
    "district name": "Nilgiris",
    "state_name": "Tamil Nadu"
  },
  {
    "state_id": 31,
    "district id": 564,
    "district name": "Palani",
    "state_name": "Tamil Nadu"
  },
  {
    "state_id": 31,
    "district id": 573,
    "district name": "Paramakudi",
    "state_name": "Tamil Nadu"
  },
  {
    "state_id": 31,
    "district id": 570,
    "district name": "Perambalur",
    "state_name": "Tamil Nadu"
  },
  {
    "state_id": 31,
    "district id": 575,
    "district name": "Poonamallee",
    "state_name": "Tamil Nadu"
  },
  {
    "state_id": 31,
    "district id": 546,
    "district name": "Pudukkottai",
    "state_name": "Tamil Nadu"
  },
  {
    "state_id": 31,
    "district id": 567,
    "district name": "Ramanathapuram",
    "state_name": "Tamil Nadu"
  },
  {
    "state_id": 31,
    "district id": 781,
    "district name": "Ranipet",
    "state_name": "Tamil Nadu"
  },
  {
    "state_id": 31,
    "district id": 545,
    "district name": "Salem",
    "state_name": "Tamil Nadu"
  },
  {
    "state_id": 31,
    "district id": 561,
    "district name": "Sivaganga",
    "state_name": "Tamil Nadu"
  },
  {
    "state_id": 31,
    "district id": 580,
    "district name": "Sivakasi",
    "state_name": "Tamil Nadu"
  },
  {
    "state_id": 31,
    "district id": 551,
    "district name": "Tenkasi",
    "state_name": "Tamil Nadu"
  },
  {
    "state_id": 31,
    "district id": 541,
    "district name": "Thanjavur",
    "state_name": "Tamil Nadu"
  },
  {
    "state_id": 31,
    "district id": 569,
    "district name": "Theni",
    "state_name": "Tamil Nadu"
  },
  {
    "state_id": 31,
    "district id": 554,
    "district name": "Thoothukudi (Tuticorin)",
    "state_name": "Tamil Nadu"
  },
  {
    "state_id": 31,
    "district id": 560,
    "district name": "Tiruchirappalli",
    "state_name": "Tamil Nadu"
  },
  {
    "state_id": 31,
    "district id": 548,
    "district name": "Tirunelveli",
    "state_name": "Tamil Nadu"
  },
  {
    "state_id": 31,
    "district id": 550,
    "district name": "Tirupattur",
    "state_name": "Tamil Nadu"
  },
  {
    "state_id": 31,
    "district id": 568,
    "district name": "Tiruppur",
    "state_name": "Tamil Nadu"
  },
  {
    "state_id": 31,
    "district id": 572,
    "district name": "Tiruvallur",
    "state_name": "Tamil Nadu"
  },
  {
    "state_id": 31,
    "district id": 553,
    "district name": "Tiruvannamalai",
    "state_name": "Tamil Nadu"
  },
  {
    "state_id": 31,
    "district id": 574,
    "district name": "Tiruvarur",
    "state_name": "Tamil Nadu"
  },
  {
    "state_id": 31,
    "district id": 543,
    "district name": "Vellore",
    "state_name": "Tamil Nadu"
  },
  {
    "state_id": 31,
    "district id": 542,
    "district name": "Viluppuram",
    "state_name": "Tamil Nadu"
  },
  {
    "state_id": 31,
    "district id": 549,
    "district name": "Virudhunagar",
    "state_name": "Tamil Nadu"
  },
  {
    "state_id": 32,
    "district id": 582,
    "district name": "Adilabad",
    "state_name": "Telangana"
  },
  {
    "state_id": 32,
    "district id": 583,
    "district name": "Bhadradri Kothagudem",
    "state_name": "Telangana"
  },
  {
    "state_id": 32,
    "district id": 581,
    "district name": "Hyderabad",
    "state_name": "Telangana"
  },
  {
    "state_id": 32,
    "district id": 584,
    "district name": "Jagtial",
    "state_name": "Telangana"
  },
  {
    "state_id": 32,
    "district id": 585,
    "district name": "Jangaon",
    "state_name": "Telangana"
  },
  {
    "state_id": 32,
    "district id": 586,
    "district name": "Jayashankar Bhupalpally",
    "state_name": "Telangana"
  },
  {
    "state_id": 32,
    "district id": 587,
    "district name": "Jogulamba Gadwal",
    "state_name": "Telangana"
  },
  {
    "state_id": 32,
    "district id": 588,
    "district name": "Kamareddy",
    "state_name": "Telangana"
  },
  {
    "state_id": 32,
    "district id": 589,
    "district name": "Karimnagar",
    "state_name": "Telangana"
  },
  {
    "state_id": 32,
    "district id": 590,
    "district name": "Khammam",
    "state_name": "Telangana"
  },
  {
    "state_id": 32,
    "district id": 591,
    "district name": "Kumuram Bheem",
    "state_name": "Telangana"
  },
  {
    "state_id": 32,
    "district id": 592,
    "district name": "Mahabubabad",
    "state_name": "Telangana"
  },
  {
    "state_id": 32,
    "district id": 593,
    "district name": "Mahabubnagar",
    "state_name": "Telangana"
  },
  {
    "state_id": 32,
    "district id": 594,
    "district name": "Mancherial",
    "state_name": "Telangana"
  },
  {
    "state_id": 32,
    "district id": 595,
    "district name": "Medak",
    "state_name": "Telangana"
  },
  {
    "state_id": 32,
    "district id": 596,
    "district name": "Medchal",
    "state_name": "Telangana"
  },
  {
    "state_id": 32,
    "district id": 612,
    "district name": "Mulugu",
    "state_name": "Telangana"
  },
  {
    "state_id": 32,
    "district id": 597,
    "district name": "Nagarkurnool",
    "state_name": "Telangana"
  },
  {
    "state_id": 32,
    "district id": 598,
    "district name": "Nalgonda",
    "state_name": "Telangana"
  },
  {
    "state_id": 32,
    "district id": 613,
    "district name": "Narayanpet",
    "state_name": "Telangana"
  },
  {
    "state_id": 32,
    "district id": 599,
    "district name": "Nirmal",
    "state_name": "Telangana"
  },
  {
    "state_id": 32,
    "district id": 600,
    "district name": "Nizamabad",
    "state_name": "Telangana"
  },
  {
    "state_id": 32,
    "district id": 601,
    "district name": "Peddapalli",
    "state_name": "Telangana"
  },
  {
    "state_id": 32,
    "district id": 602,
    "district name": "Rajanna Sircilla",
    "state_name": "Telangana"
  },
  {
    "state_id": 32,
    "district id": 603,
    "district name": "Rangareddy",
    "state_name": "Telangana"
  },
  {
    "state_id": 32,
    "district id": 604,
    "district name": "Sangareddy",
    "state_name": "Telangana"
  },
  {
    "state_id": 32,
    "district id": 605,
    "district name": "Siddipet",
    "state_name": "Telangana"
  },
  {
    "state_id": 32,
    "district id": 606,
    "district name": "Suryapet",
    "state_name": "Telangana"
  },
  {
    "state_id": 32,
    "district id": 607,
    "district name": "Vikarabad",
    "state_name": "Telangana"
  },
  {
    "state_id": 32,
    "district id": 608,
    "district name": "Wanaparthy",
    "state_name": "Telangana"
  },
  {
    "state_id": 32,
    "district id": 609,
    "district name": "Warangal(Rural)",
    "state_name": "Telangana"
  },
  {
    "state_id": 32,
    "district id": 610,
    "district name": "Warangal(Urban)",
    "state_name": "Telangana"
  },
  {
    "state_id": 32,
    "district id": 611,
    "district name": "Yadadri Bhuvanagiri",
    "state_name": "Telangana"
  },
  {
    "state_id": 33,
    "district id": 614,
    "district name": "Dhalai",
    "state_name": "Tripura"
  },
  {
    "state_id": 33,
    "district id": 615,
    "district name": "Gomati",
    "state_name": "Tripura"
  },
  {
    "state_id": 33,
    "district id": 616,
    "district name": "Khowai",
    "state_name": "Tripura"
  },
  {
    "state_id": 33,
    "district id": 617,
    "district name": "North Tripura",
    "state_name": "Tripura"
  },
  {
    "state_id": 33,
    "district id": 618,
    "district name": "Sepahijala",
    "state_name": "Tripura"
  },
  {
    "state_id": 33,
    "district id": 619,
    "district name": "South Tripura",
    "state_name": "Tripura"
  },
  {
    "state_id": 33,
    "district id": 620,
    "district name": "Unakoti",
    "state_name": "Tripura"
  },
  {
    "state_id": 33,
    "district id": 621,
    "district name": "West Tripura",
    "state_name": "Tripura"
  },
  {
    "state_id": 34,
    "district id": 622,
    "district name": "Agra",
    "state_name": "Uttar Pradesh"
  },
  {
    "state_id": 34,
    "district id": 623,
    "district name": "Aligarh",
    "state_name": "Uttar Pradesh"
  },
  {
    "state_id": 34,
    "district id": 625,
    "district name": "Ambedkar Nagar",
    "state_name": "Uttar Pradesh"
  },
  {
    "state_id": 34,
    "district id": 626,
    "district name": "Amethi",
    "state_name": "Uttar Pradesh"
  },
  {
    "state_id": 34,
    "district id": 627,
    "district name": "Amroha",
    "state_name": "Uttar Pradesh"
  },
  {
    "state_id": 34,
    "district id": 628,
    "district name": "Auraiya",
    "state_name": "Uttar Pradesh"
  },
  {
    "state_id": 34,
    "district id": 646,
    "district name": "Ayodhya",
    "state_name": "Uttar Pradesh"
  },
  {
    "state_id": 34,
    "district id": 629,
    "district name": "Azamgarh",
    "state_name": "Uttar Pradesh"
  },
  {
    "state_id": 34,
    "district id": 630,
    "district name": "Badaun",
    "state_name": "Uttar Pradesh"
  },
  {
    "state_id": 34,
    "district id": 631,
    "district name": "Baghpat",
    "state_name": "Uttar Pradesh"
  },
  {
    "state_id": 34,
    "district id": 632,
    "district name": "Bahraich",
    "state_name": "Uttar Pradesh"
  },
  {
    "state_id": 34,
    "district id": 633,
    "district name": "Balarampur",
    "state_name": "Uttar Pradesh"
  },
  {
    "state_id": 34,
    "district id": 634,
    "district name": "Ballia",
    "state_name": "Uttar Pradesh"
  },
  {
    "state_id": 34,
    "district id": 635,
    "district name": "Banda",
    "state_name": "Uttar Pradesh"
  },
  {
    "state_id": 34,
    "district id": 636,
    "district name": "Barabanki",
    "state_name": "Uttar Pradesh"
  },
  {
    "state_id": 34,
    "district id": 637,
    "district name": "Bareilly",
    "state_name": "Uttar Pradesh"
  },
  {
    "state_id": 34,
    "district id": 638,
    "district name": "Basti",
    "state_name": "Uttar Pradesh"
  },
  {
    "state_id": 34,
    "district id": 687,
    "district name": "Bhadohi",
    "state_name": "Uttar Pradesh"
  },
  {
    "state_id": 34,
    "district id": 639,
    "district name": "Bijnour",
    "state_name": "Uttar Pradesh"
  },
  {
    "state_id": 34,
    "district id": 640,
    "district name": "Bulandshahr",
    "state_name": "Uttar Pradesh"
  },
  {
    "state_id": 34,
    "district id": 641,
    "district name": "Chandauli",
    "state_name": "Uttar Pradesh"
  },
  {
    "state_id": 34,
    "district id": 642,
    "district name": "Chitrakoot",
    "state_name": "Uttar Pradesh"
  },
  {
    "state_id": 34,
    "district id": 643,
    "district name": "Deoria",
    "state_name": "Uttar Pradesh"
  },
  {
    "state_id": 34,
    "district id": 644,
    "district name": "Etah",
    "state_name": "Uttar Pradesh"
  },
  {
    "state_id": 34,
    "district id": 645,
    "district name": "Etawah",
    "state_name": "Uttar Pradesh"
  },
  {
    "state_id": 34,
    "district id": 647,
    "district name": "Farrukhabad",
    "state_name": "Uttar Pradesh"
  },
  {
    "state_id": 34,
    "district id": 648,
    "district name": "Fatehpur",
    "state_name": "Uttar Pradesh"
  },
  {
    "state_id": 34,
    "district id": 649,
    "district name": "Firozabad",
    "state_name": "Uttar Pradesh"
  },
  {
    "state_id": 34,
    "district id": 650,
    "district name": "Gautam Buddha Nagar",
    "state_name": "Uttar Pradesh"
  },
  {
    "state_id": 34,
    "district id": 651,
    "district name": "Ghaziabad",
    "state_name": "Uttar Pradesh"
  },
  {
    "state_id": 34,
    "district id": 652,
    "district name": "Ghazipur",
    "state_name": "Uttar Pradesh"
  },
  {
    "state_id": 34,
    "district id": 653,
    "district name": "Gonda",
    "state_name": "Uttar Pradesh"
  },
  {
    "state_id": 34,
    "district id": 654,
    "district name": "Gorakhpur",
    "state_name": "Uttar Pradesh"
  },
  {
    "state_id": 34,
    "district id": 655,
    "district name": "Hamirpur",
    "state_name": "Uttar Pradesh"
  },
  {
    "state_id": 34,
    "district id": 656,
    "district name": "Hapur",
    "state_name": "Uttar Pradesh"
  },
  {
    "state_id": 34,
    "district id": 657,
    "district name": "Hardoi",
    "state_name": "Uttar Pradesh"
  },
  {
    "state_id": 34,
    "district id": 658,
    "district name": "Hathras",
    "state_name": "Uttar Pradesh"
  },
  {
    "state_id": 34,
    "district id": 659,
    "district name": "Jalaun",
    "state_name": "Uttar Pradesh"
  },
  {
    "state_id": 34,
    "district id": 660,
    "district name": "Jaunpur",
    "state_name": "Uttar Pradesh"
  },
  {
    "state_id": 34,
    "district id": 661,
    "district name": "Jhansi",
    "state_name": "Uttar Pradesh"
  },
  {
    "state_id": 34,
    "district id": 662,
    "district name": "Kannauj",
    "state_name": "Uttar Pradesh"
  },
  {
    "state_id": 34,
    "district id": 663,
    "district name": "Kanpur Dehat",
    "state_name": "Uttar Pradesh"
  },
  {
    "state_id": 34,
    "district id": 664,
    "district name": "Kanpur Nagar",
    "state_name": "Uttar Pradesh"
  },
  {
    "state_id": 34,
    "district id": 665,
    "district name": "Kasganj",
    "state_name": "Uttar Pradesh"
  },
  {
    "state_id": 34,
    "district id": 666,
    "district name": "Kaushambi",
    "state_name": "Uttar Pradesh"
  },
  {
    "state_id": 34,
    "district id": 667,
    "district name": "Kushinagar",
    "state_name": "Uttar Pradesh"
  },
  {
    "state_id": 34,
    "district id": 668,
    "district name": "Lakhimpur Kheri",
    "state_name": "Uttar Pradesh"
  },
  {
    "state_id": 34,
    "district id": 669,
    "district name": "Lalitpur",
    "state_name": "Uttar Pradesh"
  },
  {
    "state_id": 34,
    "district id": 670,
    "district name": "Lucknow",
    "state_name": "Uttar Pradesh"
  },
  {
    "state_id": 34,
    "district id": 671,
    "district name": "Maharajganj",
    "state_name": "Uttar Pradesh"
  },
  {
    "state_id": 34,
    "district id": 672,
    "district name": "Mahoba",
    "state_name": "Uttar Pradesh"
  },
  {
    "state_id": 34,
    "district id": 673,
    "district name": "Mainpuri",
    "state_name": "Uttar Pradesh"
  },
  {
    "state_id": 34,
    "district id": 674,
    "district name": "Mathura",
    "state_name": "Uttar Pradesh"
  },
  {
    "state_id": 34,
    "district id": 675,
    "district name": "Mau",
    "state_name": "Uttar Pradesh"
  },
  {
    "state_id": 34,
    "district id": 676,
    "district name": "Meerut",
    "state_name": "Uttar Pradesh"
  },
  {
    "state_id": 34,
    "district id": 677,
    "district name": "Mirzapur",
    "state_name": "Uttar Pradesh"
  },
  {
    "state_id": 34,
    "district id": 678,
    "district name": "Moradabad",
    "state_name": "Uttar Pradesh"
  },
  {
    "state_id": 34,
    "district id": 679,
    "district name": "Muzaffarnagar",
    "state_name": "Uttar Pradesh"
  },
  {
    "state_id": 34,
    "district id": 680,
    "district name": "Pilibhit",
    "state_name": "Uttar Pradesh"
  },
  {
    "state_id": 34,
    "district id": 682,
    "district name": "Pratapgarh",
    "state_name": "Uttar Pradesh"
  },
  {
    "state_id": 34,
    "district id": 624,
    "district name": "Prayagraj",
    "state_name": "Uttar Pradesh"
  },
  {
    "state_id": 34,
    "district id": 681,
    "district name": "Raebareli",
    "state_name": "Uttar Pradesh"
  },
  {
    "state_id": 34,
    "district id": 683,
    "district name": "Rampur",
    "state_name": "Uttar Pradesh"
  },
  {
    "state_id": 34,
    "district id": 684,
    "district name": "Saharanpur",
    "state_name": "Uttar Pradesh"
  },
  {
    "state_id": 34,
    "district id": 685,
    "district name": "Sambhal",
    "state_name": "Uttar Pradesh"
  },
  {
    "state_id": 34,
    "district id": 686,
    "district name": "Sant Kabir Nagar",
    "state_name": "Uttar Pradesh"
  },
  {
    "state_id": 34,
    "district id": 688,
    "district name": "Shahjahanpur",
    "state_name": "Uttar Pradesh"
  },
  {
    "state_id": 34,
    "district id": 689,
    "district name": "Shamli",
    "state_name": "Uttar Pradesh"
  },
  {
    "state_id": 34,
    "district id": 690,
    "district name": "Shravasti",
    "state_name": "Uttar Pradesh"
  },
  {
    "state_id": 34,
    "district id": 691,
    "district name": "Siddharthnagar",
    "state_name": "Uttar Pradesh"
  },
  {
    "state_id": 34,
    "district id": 692,
    "district name": "Sitapur",
    "state_name": "Uttar Pradesh"
  },
  {
    "state_id": 34,
    "district id": 693,
    "district name": "Sonbhadra",
    "state_name": "Uttar Pradesh"
  },
  {
    "state_id": 34,
    "district id": 694,
    "district name": "Sultanpur",
    "state_name": "Uttar Pradesh"
  },
  {
    "state_id": 34,
    "district id": 695,
    "district name": "Unnao",
    "state_name": "Uttar Pradesh"
  },
  {
    "state_id": 34,
    "district id": 696,
    "district name": "Varanasi",
    "state_name": "Uttar Pradesh"
  },
  {
    "state_id": 35,
    "district id": 704,
    "district name": "Almora",
    "state_name": "Uttarakhand"
  },
  {
    "state_id": 35,
    "district id": 707,
    "district name": "Bageshwar",
    "state_name": "Uttarakhand"
  },
  {
    "state_id": 35,
    "district id": 699,
    "district name": "Chamoli",
    "state_name": "Uttarakhand"
  },
  {
    "state_id": 35,
    "district id": 708,
    "district name": "Champawat",
    "state_name": "Uttarakhand"
  },
  {
    "state_id": 35,
    "district id": 697,
    "district name": "Dehradun",
    "state_name": "Uttarakhand"
  },
  {
    "state_id": 35,
    "district id": 702,
    "district name": "Haridwar",
    "state_name": "Uttarakhand"
  },
  {
    "state_id": 35,
    "district id": 709,
    "district name": "Nainital",
    "state_name": "Uttarakhand"
  },
  {
    "state_id": 35,
    "district id": 698,
    "district name": "Pauri Garhwal",
    "state_name": "Uttarakhand"
  },
  {
    "state_id": 35,
    "district id": 706,
    "district name": "Pithoragarh",
    "state_name": "Uttarakhand"
  },
  {
    "state_id": 35,
    "district id": 700,
    "district name": "Rudraprayag",
    "state_name": "Uttarakhand"
  },
  {
    "state_id": 35,
    "district id": 701,
    "district name": "Tehri Garhwal",
    "state_name": "Uttarakhand"
  },
  {
    "state_id": 35,
    "district id": 705,
    "district name": "Udham Singh Nagar",
    "state_name": "Uttarakhand"
  },
  {
    "state_id": 35,
    "district id": 703,
    "district name": "Uttarkashi",
    "state_name": "Uttarakhand"
  },
  {
    "state_id": 36,
    "district id": 710,
    "district name": "Alipurduar District",
    "state_name": "West Bengal"
  },
  {
    "state_id": 36,
    "district id": 711,
    "district name": "Bankura",
    "state_name": "West Bengal"
  },
  {
    "state_id": 36,
    "district id": 712,
    "district name": "Basirhat HD (North 24 Parganas)",
    "state_name": "West Bengal"
  },
  {
    "state_id": 36,
    "district id": 713,
    "district name": "Birbhum",
    "state_name": "West Bengal"
  },
  {
    "state_id": 36,
    "district id": 714,
    "district name": "Bishnupur HD (Bankura)",
    "state_name": "West Bengal"
  },
  {
    "state_id": 36,
    "district id": 715,
    "district name": "Cooch Behar",
    "state_name": "West Bengal"
  },
  {
    "state_id": 36,
    "district id": 783,
    "district name": "COOCHBEHAR",
    "state_name": "West Bengal"
  },
  {
    "state_id": 36,
    "district id": 716,
    "district name": "Dakshin Dinajpur",
    "state_name": "West Bengal"
  },
  {
    "state_id": 36,
    "district id": 717,
    "district name": "Darjeeling",
    "state_name": "West Bengal"
  },
  {
    "state_id": 36,
    "district id": 718,
    "district name": "Diamond Harbor HD (S 24 Parganas)",
    "state_name": "West Bengal"
  },
  {
    "state_id": 36,
    "district id": 719,
    "district name": "East Bardhaman",
    "state_name": "West Bengal"
  },
  {
    "state_id": 36,
    "district id": 720,
    "district name": "Hoogly",
    "state_name": "West Bengal"
  },
  {
    "state_id": 36,
    "district id": 721,
    "district name": "Howrah",
    "state_name": "West Bengal"
  },
  {
    "state_id": 36,
    "district id": 722,
    "district name": "Jalpaiguri",
    "state_name": "West Bengal"
  },
  {
    "state_id": 36,
    "district id": 723,
    "district name": "Jhargram",
    "state_name": "West Bengal"
  },
  {
    "state_id": 36,
    "district id": 724,
    "district name": "Kalimpong",
    "state_name": "West Bengal"
  },
  {
    "state_id": 36,
    "district id": 725,
    "district name": "Kolkata",
    "state_name": "West Bengal"
  },
  {
    "state_id": 36,
    "district id": 726,
    "district name": "Malda",
    "state_name": "West Bengal"
  },
  {
    "state_id": 36,
    "district id": 727,
    "district name": "Murshidabad",
    "state_name": "West Bengal"
  },
  {
    "state_id": 36,
    "district id": 728,
    "district name": "Nadia",
    "state_name": "West Bengal"
  },
  {
    "state_id": 36,
    "district id": 729,
    "district name": "Nandigram HD (East Medinipore)",
    "state_name": "West Bengal"
  },
  {
    "state_id": 36,
    "district id": 730,
    "district name": "North 24 Parganas",
    "state_name": "West Bengal"
  },
  {
    "state_id": 36,
    "district id": 731,
    "district name": "Paschim Medinipore",
    "state_name": "West Bengal"
  },
  {
    "state_id": 36,
    "district id": 732,
    "district name": "Purba Medinipore",
    "state_name": "West Bengal"
  },
  {
    "state_id": 36,
    "district id": 733,
    "district name": "Purulia",
    "state_name": "West Bengal"
  },
  {
    "state_id": 36,
    "district id": 734,
    "district name": "Rampurhat HD (Birbhum)",
    "state_name": "West Bengal"
  },
  {
    "state_id": 36,
    "district id": 735,
    "district name": "South 24 Parganas",
    "state_name": "West Bengal"
  },
  {
    "state_id": 36,
    "district id": 736,
    "district name": "Uttar Dinajpur",
    "state_name": "West Bengal"
  },
  {
    "state_id": 36,
    "district id": 737,
    "district name": "West Bardhaman",
    "state_name": "West Bengal"
  },
  {
    "state_id": 37,
    "district id": 138,
    "district name": "Daman",
    "state_name": "Daman and Diu"
  },
  {
    "state_id": 37,
    "district id": 139,
    "district name": "Diu",
    "state_name": "Daman and Diu"
  }
]